<?xml version="1.0" encoding="UTF-8"?>
<project-private xmlns="http://www.netbeans.org/ns/project-private/1">
    <editor-bookmarks xmlns="http://www.netbeans.org/ns/editor-bookmarks/2" lastBookmarkId="0"/>
    <open-files xmlns="http://www.netbeans.org/ns/projectui-open-files/2">
        <group>
            <file>file:/C:/Users/Diego1/Documents/NetBeansProjects/Arreglo_aleatorio/src/arreglo_aleatorio/clases/Arreglo.java</file>
            <file>file:/C:/Users/Diego1/Documents/NetBeansProjects/Arreglo_aleatorio/src/arreglo_aleatorio/main/main.java</file>
            <file>file:/C:/Users/Diego1/Documents/NetBeansProjects/Arreglo_aleatorio/src/arreglo_aleatorio/frames/frmArreglo.java</file>
        </group>
    </open-files>
</project-private>
